{
  "return": {
    "mean": 5.1857275858064014e-05,
    "std": 0.001993712579837273
  },
  "log_return": {
    "mean": 2.6753751320220176e-05,
    "std": 0.001977958821552527
  },
  "volatility": {
    "mean": 0.00251186859201782,
    "std": 0.0008686916479385046
  },
  "volume_change": {
    "mean": 0.0017764744486113116,
    "std": 0.49638858624227095
  },
  "volume_ratio": {
    "mean": 1.002801446526136,
    "std": 0.30124363379621705
  },
  "price_range": {
    "mean": 0.0014977676525718235,
    "std": 0.0005771868351010606
  }
}